Name,DOB,Email,Phone,Location,Insurance
Patient_1,2019-01-26,patient1@mail.com,+919151079598,CityD,CarrierA
Patient_2,2019-12-25,patient2@mail.com,+919508464061,CityB,CarrierB
Patient_3,2001-07-09,patient3@mail.com,+919857592370,CityB,CarrierC
Patient_4,2013-12-03,patient4@mail.com,+919568919915,CityD,CarrierC
Patient_5,2013-06-22,patient5@mail.com,+919061136438,CityD,CarrierB
Patient_6,2013-05-18,patient6@mail.com,+919396917567,CityA,CarrierC
Patient_7,2009-06-29,patient7@mail.com,+919930989560,CityE,CarrierC
Patient_8,2007-08-19,patient8@mail.com,+919199502978,CityE,CarrierA
Patient_9,2014-11-12,patient9@mail.com,+919472190436,CityB,CarrierC
Patient_10,2016-04-26,patient10@mail.com,+919461901618,CityE,CarrierC
Patient_11,2000-06-10,patient11@mail.com,+919774414982,CityB,CarrierB
Patient_12,2013-10-08,patient12@mail.com,+919732395540,CityA,CarrierB
Patient_13,2011-04-14,patient13@mail.com,+919861137736,CityD,CarrierA
Patient_14,2014-06-09,patient14@mail.com,+919279394470,CityD,CarrierC
Patient_15,2016-03-23,patient15@mail.com,+919056972561,CityD,CarrierC
Patient_16,2008-08-05,patient16@mail.com,+919854206851,CityE,CarrierC
Patient_17,2007-11-06,patient17@mail.com,+919825500248,CityA,CarrierA
Patient_18,2007-02-27,patient18@mail.com,+919926132539,CityE,CarrierA
Patient_19,2020-08-09,patient19@mail.com,+919271820813,CityE,CarrierB
Patient_20,1999-07-10,patient20@mail.com,+919250814705,CityA,CarrierA
Patient_21,2003-10-12,patient21@mail.com,+919581609465,CityA,CarrierC
Patient_22,2019-08-20,patient22@mail.com,+919234564360,CityA,CarrierC
Patient_23,2001-04-09,patient23@mail.com,+919068574553,CityA,CarrierA
Patient_24,2005-09-17,patient24@mail.com,+919419498548,CityD,CarrierC
Patient_25,2014-07-12,patient25@mail.com,+919991681409,CityC,CarrierC
Patient_26,2019-12-03,patient26@mail.com,+919791274835,CityC,CarrierA
Patient_27,2018-03-11,patient27@mail.com,+919816698734,CityA,CarrierA
Patient_28,2005-10-29,patient28@mail.com,+919787110843,CityC,CarrierC
Patient_29,2013-09-15,patient29@mail.com,+919524150214,CityC,CarrierC
Patient_30,2012-12-29,patient30@mail.com,+919472432043,CityA,CarrierC
Patient_31,2016-09-28,patient31@mail.com,+919357319431,CityC,CarrierB
Patient_32,2002-05-29,patient32@mail.com,+919147697582,CityE,CarrierB
Patient_33,2011-08-21,patient33@mail.com,+919744595490,CityB,CarrierB
Patient_34,2008-06-07,patient34@mail.com,+919684275917,CityB,CarrierA
Patient_35,2010-06-09,patient35@mail.com,+919605850704,CityA,CarrierB
Patient_36,2016-09-04,patient36@mail.com,+919037709731,CityD,CarrierA
Patient_37,2012-06-04,patient37@mail.com,+919782698033,CityA,CarrierA
Patient_38,2007-02-12,patient38@mail.com,+919698027879,CityD,CarrierB
Patient_39,2020-04-28,patient39@mail.com,+919023027075,CityB,CarrierB
Patient_40,2000-06-18,patient40@mail.com,+919265047041,CityA,CarrierB
Patient_41,2002-02-16,patient41@mail.com,+919752288765,CityE,CarrierC
Patient_42,2006-03-03,patient42@mail.com,+919086191493,CityC,CarrierB
Patient_43,2020-08-27,patient43@mail.com,+919893102645,CityD,CarrierC
Patient_44,2004-10-08,patient44@mail.com,+919200619113,CityC,CarrierA
Patient_45,2020-02-03,patient45@mail.com,+919290770691,CityC,CarrierC
Patient_46,2006-09-08,patient46@mail.com,+919793943861,CityA,CarrierB
Patient_47,2001-11-01,patient47@mail.com,+919134489564,CityC,CarrierA
Patient_48,2004-02-10,patient48@mail.com,+919943108798,CityE,CarrierA
Patient_49,1999-09-07,patient49@mail.com,+919396360081,CityC,CarrierA
Patient_50,2018-08-10,patient50@mail.com,+919107944665,CityA,CarrierC
